Display Type,LinkedIn Link (map it to Links to get the logo),Startup Name ,Full Address,Description of startup,Website,Stage,# of Employees ,Section
profile,http://www.linkedin.com/company/alcomy,Alcomy,"815 West 1250 South, Orem, UT",alphaMountain's mission is to build next-generation cybersecurity products and services to enhance malicious investigations and protect individuals on the Internet.,alcomy.com,,2-10,B2B Software
profile,http://www.linkedin.com/company/alphamountain,alphaMountain,"1557 West Innovation Way, Lehi, UT",,www.alphamountain.ai,Seed ,2-10,Security 
profile,http://www.linkedin.com/company/altitude-ai,Altitude AI,"215 South State Street, Salt Lake City, UT","Our mission is to accelerate the Fourth Industrial Revolution. We will do this through leveraging our proprietary software, Altitude OS. 

Our platform processes raw data from cameras and force sensors using best-in-class computer vision algorithms developed in-house. The results of that perception drives intelligent motion commands for existing industrial robots. This enables industrial robots to perform advanced and never before seen tasks in pre-existing environments.",www.altitudeai.ai,Seed ,2-10,B2B Software
profile,http://www.linkedin.com/company/alysio,Alysio,"1637 East Harrison Avenue, Salt Lake City, UT","People performance management for sales. Alysio provides a transformation to the way you scale your sales team. It's the platform used by the world's leading enterprises to improve productivity, understand the individual and have dependability around revenue forecasting.
",www.alysio.ai,Seed ,2-10,B2B Software
profile,http://www.linkedin.com/company/bracket-labs,Bracket Labs,"2901 West Bluegrass Boulevard, Lehi, UT",Bracket Is Liquid Staked DeFi. Backed By Binance Labs.,www.bracket.fi,Seed ,2-10,FinTech
profile,http://www.linkedin.com/company/trycrew,Crew ,"2000 Ashton Boulevard, Lehi, UT",Crew is a neobank for families. We help parents manage their own finances while empowering them to teach their children financial literacy.,www.trycrew.com,Seed ,2-10,FinTech
profile,http://www.linkedin.com/company/data-quality-co-op,Data Quality Co-Op,"Salt Lake City, UT","Data Quality Co-op ensures it's clients' business decisions, marketing campaigns and AI models are informed by high-quality, high-value data.",www.dataqualityco-op.com,Seed ,2-10,B2B Software
profile,http://www.linkedin.com/company/deeppowerinc,DeepPower,"1633 West Innovation Way, Lehi, UT",Developing a breakthrough geothermal drilling technology to access the Earth’s unlimited source of clean heat energy. ,www.deeppower.com,Series A ,2-10,Energy
profile,http://www.linkedin.com/company/domusdx,Domus Diagnostics,"1445 Settlement Drive, Park City, UT","Domus Diagnostics is working to create infectious disease diagnostic tests that are affordable, user-friendly, accurate, and rapid enough to address the needs raised by current and future public health crises.",www.domusdx.com,Seed ,2-10,Bio/Medical Tech
profile,http://www.linkedin.com/company/dónde,Dónde,"26 Rio Grand Street, Salt Lake City, UT","Dónde enables companies to offer travel as a benefit. Our platform allows companies to contribute to their employees time off activities, so they can return to work refreshed and able to do the best work of their lives.",www.godonde.com,Seed ,2-10,B2B Software
profile,http://www.linkedin.com/company/dorai-home,Dorai,"1171 West 2400 South, West Valley City, UT","Conscientiously designed home products that help prevent bacteria and remove moisture with rapidly drying Diomat material. Dorai combines solutions found in nature with thoughtful design to create modern, organic home accessories for all surfaces that come in contact with water.",www.doraihome.com,Seed ,2-10,Consumer
profile,http://www.linkedin.com/company/joindree,dree,"139 Hunter's Grove Lane, Lehi, UT",Find a LaundryPro in your area and schedule your laundry service within 60 seconds.,www.dree.com,Seed ,2-10,Consumer
profile,http://www.linkedin.com/company/bemoredriven,Driven,"1355 South 960 East, Heber City, UT",A performance improvement tool for the Pest Control industry.,pestiq.webflow.io,Seed ,2-10,B2B Software
profile,http://www.linkedin.com/company/eaglecorps,EagleCorps,"350 East 400 South, Salt Lake City, UT","Join us in addressing the veteran underemployment crisis by building cohesive veteran teams for IT-related fields. As a veteran-led and founded business, we are the experts in recruiting, training, and deploying veterans into your company. ",www.eaglecorps.com,Seed ,2-10,B2B Software
profile,http://www.linkedin.com/company/ednition,Ednition,"18 West 1900 South, Kaysville, UT","Ednition helps Edtech developers build and scale amazing applications. Our first product, RosterStream, is a rostering infrastructure and automation platform. Basically, we make rostering awesome.",www.ednition.com,Seed ,2-10,B2B Software
profile,http://www.linkedin.com/company/goerrand,Errand,"815 West 1250 South, Orem, UT","Errand is the world's first on-demand, totally customizable errand running service for busy people. Similar to other gig-economy companies such as DoorDash/Uber, Errand provides its customers with ""Errand Runners"" that can perform just about any errand under the sun.",www.goerrand.com,Seed ,2-10,Consumer
profile,http://www.linkedin.com/company/funner,Funner,,"Funner is helping students do fun things together.  Through an app, students can discover other students with shared interests and quickly invite them to get together.  Funner can tell you who the funnest people are.",www.funner.com,Seed ,2-10,Consumer
profile,http://www.linkedin.com/company/giddydefi,Giddy,"13894 South Bangerter Parkway, Draper, UT","Giddy is your personal portal to the blockchain. Our self-custody mobile wallet provides a safe, easy-to-manage place for users to hold, trade, earn, and even shop with their crypto.",www.giddy.co,Series A ,2-10,FinTech
profile,http://www.linkedin.com/company/inherent-biosciences-inc,Inherent Biosciences,"26 South Rio Grande Street, Salt Lake City, UT",Inherent Biosciences is pioneering epigenetic medicine for complex diseases.,www.inherentbio.com,Series A ,2-10,Bio/Medical Tech
profile,http://www.linkedin.com/company/jipejobs,Jipe,"1053 Blackstone Drive, Fruit Heights, UT","Jipe® enters the job search market to connect entry-level job seekers with local hiring businesses in a new and meaningful way. Jipe's mobile solution provides a cool and fun interface job seekers actually WANT to use. We give businesses the right candidates, remove the unnecessary processes, and make finding your next hire so much easier!",www.jipejobs.com,Seed ,2-10,B2B Software
profile,http://www.linkedin.com/company/jobwise-recruiting,Veras ,"3400 North Ashton Boulevard, Lehi, UT","Veras is the first solution to help long-term care and senior housing operators save millions of dollars by optimizing your workforce with AI—cutting agency, overtime, overstaffing, churn, and time spent on scheduling and call-offs.",www.jobwise.com,Seed ,2-10,B2B Software
profile,http://www.linkedin.com/company/ketonatural-pet-foods,KetoNatural Pet Foods,"181 E Edith Ave, Salt Lake City, Utah, 84111","We believe that the best way to make pets healthier and happier is by educating and empowering their owners. That's why we aspire to be the most honest, substantive, and progressive company in the history of the pet care industry.",www.ketonaturalpetfoods.com,Seed ,2-10,Consumer
profile,http://www.linkedin.com/company/getkolla,Kolla,"276 East 12200 South, Draper, UT","Kolla helps emerging and established DSOs get access to, and share their data across all their locations. We unlock your data so you can finally centralize your operations, truly customize your reporting, and take your organization to the next level.",www.getkolla.com,Seed ,2-10,B2B Software
profile,http://www.linkedin.com/company/kradoinc,Krado,"2223 South Highland Drive, Salt Lake City, UT","Krado is an integrative plantcare system rooted real-time data that helps your plants prosper through leaflet, our app, growing plant database, and plant nourishment products - all delivered in a simple, frictionless subscription designed to precisely fit you and your plant’s needs.",www.krado.co,Seed ,2-10,Consumer
profile,http://www.linkedin.com/company/leash-laboratories,Leash Bio,"48 South Rio Grande Street, Salt Lake City, UT","Every single machine learning (ML)-driven breakthrough, from language translation to Go championships, was immediately preceded not by an algorithmic innovation but by a massive, well-controlled, purpose-built dataset. An ML-driven breakthrough in medicinal chemistry is going to require a similar dataset, but such high-quality, well-structured experimental data doesn’t exist yet. We're building that data set by making physical measurements of lots of targets (with automated in-house protein production) screened against lots of compounds (with DNA-encoded chemical libraries). We're also building the ML models, that will eventually be generalizable across any protein and novel medicines using insights from our models.",www.leash.bio,Seed ,2-10,Bio/Medical Tech
profile,http://www.linkedin.com/company/leewayhq,Leeway,"1920 Blaine Avenue, Salt Lake City, UT",Leeway is a modern benefits administration platform that empowers health insurance brokers and businesses to provide Individual Coverage Health Reimbursement Arrangements (ICHRA) using state-of-the-art technologies.,www.leewayhq.com,Seed ,2-10,B2B Software
profile,http://www.linkedin.com/company/literalapp,Literal ,"1555 Freedom Boulevard, Provo, UT","1555 Freedom Boulevard, Provo, UT",www.literalapp.com,Series A ,2-10,B2B Software
profile,http://www.linkedin.com/company/looloo-us,LooLoo,"12101 State Street, Draper, UT",Manufacturer of automatic toilet freshener intended to eliminate toilet odors with a mist of natural essential oils and other simple ingredients. ,www.getlooloo.com,Seed ,2-10,Consumer
profile,http://www.linkedin.com/company/massetai,Masset,"815 South East Mountain Circle, Alpine, UT",Turn your B2B content into revenue. ,www.getmasset.com,Seed ,2-10,B2B Software
profile,http://www.linkedin.com/company/mindsmith1,Mindsmith,"800 West University Parkway, Orem, UT",Mindsmith is an eLearning authoring tool that uses generative AI to turn the eLearning development process from hundreds of hours to minutes.,www.mindsmith.ai,Seed ,2-10,B2B Software
profile,http://www.linkedin.com/company/nanospot-ai,NanoSpot.ai,"630 South Komas Drive, Salt Lake City, UT","NanoSpot.ai leverages an innovative agglutination-based approach paried with an artificial intelligence-driven mobile application to deliver rapid (<3min STA), accurate, and quantitative results to the point of care.",www.nanospot.ai,Seed ,2-10,Bio/Medical Tech
profile,http://www.linkedin.com/company/nodal-power,Nodal Power,"250 E 200 S, Salt Lake City UT 84111",Nodal Power produces renewable energy using landfill biogas. We give this otherwise underutilized gas a beneficial use by setting up renewable electricity power plants.,www.nodalpower.com,Seed ,2-10,Energy
profile,http://www.linkedin.com/company/pageport,Pageport,"272 North 100 East, American Fork, UT",Building hyper-personalized landing pages for every lead.,www.pageport.com,Seed ,2-10,B2B Software
profile,http://www.linkedin.com/company/pale-blue-earth,Pale Blue,"2750 Rassmussen Road, Park City, UT","10 million batteries end up in US landfills every day. One pack of Paleblue can replace up to 4,000 alkalines. Save $$$, keep toxic disposable batteries out of landfills and join the rechargeable revolution!",www.paleblueearth.com,Seed ,2-10,Consumer
profile,https://www.linkedin.com/company/parakeet-financial/,Parakeet Financial,"Midvale, UT ","Parakeet is a cutting-edge compliance automation and risk management platform built specifically for industrial sector businesses. We streamline complex regulatory workflows, helping companies automate processes like regulatory reporting, risk assessments, ESG initiatives, and internal audits. Our platform empowers compliance, risk, and supply chain teams to handle these challenges more efficiently.",www.parakeetfinancial.com,Seed ,2-10,B2B Software
profile,http://www.linkedin.com/company/pyrofex,Pyrofex,"4692 N 300 W, Orem, Utah, 84604","At Pyrofex Corporation, we're creating the next generation of blockchain platforms and decentralized applications.",pyrofex.net,Seed ,2-10,B2B Software
profile,https://www.linkedin.com/company/signalhero/,SignalHero ,"2376 East 3395 South, Salt Lake City, UT","Drive customer revenue with AI built for retention, cross-sell, and upsell.",www.signalhero.io,Seed ,2-10,B2B Software
profile,http://www.linkedin.com/company/iristechs,Roger ,"1441 Perry Avenue, Salt Lake City, UT","Roger is construction's collaboration workspace – keeping project managers focused, prioritized, and on track.",www.tryroger.com,Seed ,2-10,B2B Software
profile,https://www.linkedin.com/company/slipstream-medical/,Slipstream Medical,"299 South Main Street, Salt Lake City, UT","The developer of Stiletto, a direct-insertion intermediate-dwell catheter that provides up to 28 days of performance.",www.slipstreammedical.com,Series A ,2-10,Bio/Medical Tech
profile,http://www.linkedin.com/company/stream-os,StreamOS,Salt Lake City,"Bringing the state of the art of data and AI, streamOS empowers finance teams with a fully automated, configurable, auditable, and observable platform.",www.streamos.io,Seed ,2-10,FinTech
profile,http://www.linkedin.com/company/stumblofficial,stumbl,"5526 West 13400 South, Herriman, UT",Stumbul is a Marketplaces to discover bargains and hidden treasures from designer brands and boutiques.,www.stumbl.com,Seed ,2-10,Consumer
profile,https://www.linkedin.com/company/swyf-inc/,Swyf,Salt Lake City,"We're a group of ambitious software engineers, product creators, and most importantly, regular people that just want simple finance tools to help us live our life. We believe everyone should have access to the best financial options - no strings attached.",www.swyf.app,Seed ,2-10,FinTech
profile,http://www.linkedin.com/company/gettreads,Treads,"1090 Center Drive, Park City, UT",Treads is an AI-powered car management subscription designed to make car ownership more enjoyable by eliminating the hassle of car maintenance while making the roads safer for everyone.,www.treads.app,Seed ,2-10,Consumer
profile,http://www.linkedin.com/company/upkid,Upkid,"3450 Triumph Boulevard, Lehi, UT",Upkid is solving the child care shortage in America by providing daycares with qualified flexible staff.,www.upkid.com,Seed ,2-10,Marketplaces
profile,http://www.linkedin.com/company/viori-beauty,Viori,"1123 North 1430 West, Orem, UT","Our mission is to create highly-effective, natural cosmetics that honors the values and traditions of the Red Yao.",www.viori.com,Seed ,2-10,Consumer
profile,http://www.linkedin.com/company/yoodlize,Yoodlize,"826 South Carterville Road, Orem, UT","Meet Yoodlize, the peer-to-peer rental platform that makes it fun, safe, and easy to rent things to or from people in your area.",www.yoodlize.com,Seed ,2-10,Consumer
profile,http://www.linkedin.com/company/getzaymo,Zaymo,"560 South 100 West, Provo, UT",Zaymo is a tool for eCommerce brands to allow customers to shop in their emails by embedding the shopping experience,www.zaymo.com,Seed ,2-10,B2B Software
,,,,,,,,
profile,http://www.linkedin.com/company/after-com,After.com,"560 South 100 West, Provo, UT","After.com is the new home for funerals. We help families arrange and pre-plan simple cremations online in minutes with affordable, upfront pricing and absolutely no hidden costs or markups. Ever. We’re far from traditional, but we offer the same services and have the same licenses and credentials as traditional funeral homes. Our internet-first experience saves you time, money and energy for what matters—celebrating the life of your loved one.",www.after.com,Series A ,11-50,Consumer
profile,http://www.linkedin.com/company/applausehq,Applause,"5442 South 900 East, Salt Lake City, UT",Applause is a SaaS start-up founded by experienced entrepreneurs and backed by some of the best VCs in Silicon Slopes. We’re focused on helping companies supercharge their team’s performance so they can win more lifelong customers.,www.applausehq.com,Series A ,11-50,B2B Software
profile,http://www.linkedin.com/company/attestiv,Attestiv,"2701 North Thanksgiving Way, Lehi, UT","Attestiv puts authenticity into photos, videos and documents by utilizing advanced technologies in AI and tamper-proofing. Attestiv products create new efficiencies, offer unrivaled deepfake and fraud prevention and maintain interoperability with existing infrastructure.",www.attestiv.com,Seed ,11-50,Security 
profile,http://www.linkedin.com/company/realawsm,Awsm,,"We're a platform for brands to easily share equity with employees, customers, and influencers. The super power for loyalty you've been missing. Leverage ownership for boosted performance, increased growth, and enhanced retention across your teams, partners, ambassadors, and consumers. ",www.awsm.com,Seed ,11-50,FinTech
profile,http://www.linkedin.com/company/goboostly,Boostly,"560 South 100 West, Provo, UT",Boostly provides text marketing & feedback software for restaurants that works seamlessly with their POS & online ordering providers.,www.boostly.com,Seed ,11-50,B2B Software
profile,http://www.linkedin.com/company/getbritehr,Brite,"341 South Main Street Floor, Salt Lake City, UT",Brite is benefits education software built for benefits brokers. Our platform allows you to scale superior benefits education across any size client. Brite combines customizable content with integrated decision support tools to give employees an education experience like nothing they have ever experienced.,www.britebenefits.com,Series A ,11-50,B2B Software
profile,http://www.linkedin.com/company/brooksee,Brooksee,"374 South 671 West, Pleasant Grove, UT","Brooksee is redefining the endurance industry by producing world-class events and delivering cutting-edge timing technology. With a national portfolio that includes iconic races like the Portland Marathon, Las Vegas Marathon, Mesa Marathon, and the REVEL Race Series, Brooksee hosts over 60,000 participants annually.",www.brooksee.com,Seed ,11-50,B2B Software
profile,http://www.linkedin.com/company/builtforteams,Built for Teams,"155 North 400 West, Salt Lake City, UT","Built is a unique Position Intelligence platform that provides leaders with tools for organizational planning, scenario modeling, accurate headcount budgeting and reporting, and succession planning.",www.builtapp.com,Seed ,11-50,B2B Software
profile,http://www.linkedin.com/company/cardagraph,Cardagraph,"2961 Maple Loop Drive, Lehi, UT","Cardagraph is a product release roadmapping tool that uses AI to know what can fit on your roadmap. Plan with accurate + updated release timelines you can trust and stop running blind.
",www.cardagraph.com,Seed ,11-50,B2B Software
profile,http://www.linkedin.com/company/cinchplatform,Cinch ,"67 W 13490, Draper, UT 84020",Cinch is a marketing automation platform—built on an enterprise-level customer data platform. Why does that matter? Because the success of your marketing communications rests on the power of your customer database.,www.cinch.io,Seed ,11-50,B2B Software
profile,http://www.linkedin.com/company/cloud-storage-security,Cloud Storage Security,"1944 East Ashley Mesa Lane, Sandy, UT",Cloud Storage Security protects data in the cloud and on premises so that businesses can move forward freely and fearlessly.,cloudstoragesecurity.com,Series B ,11-50,Security 
profile,http://www.linkedin.com/company/joincontinuum,Continuum ,"2845 East 3365 South, Salt Lake City, UT","Continuum is a fractional executive Marketplaces for venture-backed startups. Find experienced, on-demand startup operators to help you navigate your most urgent company growth challenges.",joincontinuum.com,Series A ,11-50,B2B Software
profile,http://www.linkedin.com/company/dropletforms,Droplet ,"2701 North Thanksgiving Way, Lehi, UT","Droplet provides a software solution to eliminate paper documents and time consuming approval workflows. Built with school districts in mind but available to all! Digitize paper forms, add in multi-step approval & routing logic, collect e-signatures and keep all important documents in a secure location.",www.droplet.io,Seed ,11-50,B2B Software
profile,http://www.linkedin.com/company/getelements,Elements ,"879 Baxter Drive, South Jordan, UT",Elements gives financial planning firms the modern tools they need to quickly demonstrate value to prospective clients and consistently grow their revenue.,www.getelements.com,Seed ,11-50,FinTech
profile,http://www.linkedin.com/company/emberhome,Ember,"1850 W Ashton Blvd, Lehi, UT 84043","Ember is a real estate proptech company reimagining the vacation home experience through technology, service, and co-ownership.",www.emberhome.com,Series A ,11-50,Consumer
profile,http://www.linkedin.com/company/flowell-inc,Flowell,"419 East Coatsville Avenue, Salt Lake City, UT",We help health coaches land a job or start their business in half the time! Join a community dedicated to your success!,www.flowell.co,Seed ,11-50,Consumer
profile,http://www.linkedin.com/company/fluentworlds,FluentWorlds,"3317 North Cottonwood Lane, Provo, UT","VIEW builds immersive 3D e-learning environments with AI, linking learners to historical and modern expertise in tailored virtual worlds. The Company included three brands all laser-focused on taking learning to a new level - FluentWorlds, 3DMeet, and its latest innovation, QuikLearn.",www.fluentworlds.com,Seed ,11-50,B2B Software
profile,http://www.linkedin.com/company/sellgauge,Gauge,"332 East 3300 South, Salt Lake City, UT",We create a competitive bidding process to get you the most money possible for your vehicle at no cost or obligation to you. You can even use our free tools to help you sell privately at the same time.,www.sellgauge.com,Seed ,11-50,Consumer
profile,http://www.linkedin.com/company/heyhalda,Halda,"560 South 100 West, Provo, UT","At Halda, we're changing the game in enrollment marketing by making things simpler and more personal, kind of like your favorite streaming services. We help universities connect better with prospective students, guiding them smoothly from their first click all the way to enrollment",www.halda.ai,Seed ,11-50,B2B Software
profile,http://www.linkedin.com/company/halosight,Halosight,"13 West Wasatch Street, Midvale, UT","Halosight is AI for account managers and customer advisors who want to use every email, text, ticket, and conversation to prioritize, personalize, automate and coach. Turn customer interactions into profitable team improvements.",www.halosight.com,Series A ,11-50,B2B Software
profile,http://www.linkedin.com/company/joinleland,Leland,"2701 North Thanksgiving Way, Lehi, UT","Leland is a Marketplaces for ambitious people to access the coaching, classes, content, and community they need to reach career and educational goals.",www.joinleland.com,Series A ,11-50,Marketplaces
profile,http://www.linkedin.com/company/limit-break,Limit Break,"6300 North Sagewood Drive, Park City, UT",We combine the power of Web3 and creativity to build experiences that connect people from all corners of the globe.,www.limitbreak.com,Series B ,11-50,Consumer
profile,http://www.linkedin.com/company/metrodorainstitute,Metrodora Institute,"3535 South Market Street, West valley city, UT","Advancing care, diagnostics, and therapeutics for people living with complex multisystem disorders.",www.metrodora.co,Seed ,11-50,Bio/Medical Tech
profile,http://www.linkedin.com/company/getmobly,Mobly ,"2801 N Thanksgiving Way, Lehi, UT 84043","Introducing Mobly, an event-agnostic lead capture app. Just snap a picture of a badge or business card, and we'll convert to text, enrich it to create a fully-workable lead, and sync it with your CRM in seconds! No card? No problem! Just type in a name and company, and we'll do the rest!",www.getmobly.com,Seed ,11-50,B2B Software
profile,http://www.linkedin.com/company/livemodal,Modal Living,"Legal 150 South State Street, Salt Lake City, UT","We design our ADUs with your needs in mind and as a space you can utilize any way you like: a studio, mother-in-law apartment, extra residential space for your family, or as an income property.",www.livemodal.com,Seed ,11-50,Consumer
profile,http://www.linkedin.com/company/monarx,Monarx,"8 East Broadway, Salt Lake City, UT",Monarx offers a complete and advanced malware protection solution designed specifically for web hosts and server environments. ,www.monarx.com,Series A ,11-50,Security 
profile,http://www.linkedin.com/company/motionops,MotionOps,"15 West Scenic Point Drive, Draper, UT","MotionOps revolutionizes the home services industry by streamlining job scheduling, proposal preparation, employee and payroll management, expense tracking, and timesheet approval, enabling businesses to save time and boost efficiency.",www.motionops.com,Seed ,11-50,B2B Software
profile,http://www.linkedin.com/company/nomyx,Nomyx,,"With Nomyx, financial institutions can confidently take the next step into tomorrow’s technology.",www.nomyx.io,Seed ,11-50,FinTech
profile,http://www.linkedin.com/company/oka-the-carbon-insurance-company,Oka,"1389 Center Drive, Park City, UT","Oka, The Carbon Insurance Company™ de-risks carbon credits to scale market growth and accelerate climate action. ",carboninsurance.co,Series A ,11-50,B2B Software
profile,http://www.linkedin.com/company/oliveriq,Oliver IQ,"8911 South Sandy Parkway, Sandy, UT",OliverIQ is putting smart home automation in reach for everyone through Smart Home as a Service (SHaaS).,www.oliveriq.com,Seed ,11-50,B2B Software
profile,http://www.linkedin.com/company/olumo,Olumo,"2701 North Thanksgiving Way 100, Lehi, UT","Speed to execution for problem solving in business. Simple, Quick and Cost Effective. See actionable solutions within two weeks",www.olumo.com,Seed ,11-50,B2B Software
profile,http://www.linkedin.com/company/ovationup,Ovation ,"75 West University Parkway, Orem, UT","Ovation is a guest experience platform for multi-unit restaurants that starts with a 2-question survey to drive revenue, streamline guest recovery, and easily improve operations.",www.ovationup.com,Series A ,11-50,B2B Software
profile,http://www.linkedin.com/company/gogamify,Paiv,"1633 West Innovation Way, Lehi, UT","Your end-to-end field sales and service management platform, powered by AI. From lead to years of service, your teams can streamline their work in one single platform.",www.paiv.ai,Seed ,11-50,B2B Software
profile,http://www.linkedin.com/company/paramify,Paramify,"1555 North Freedom Boulevard 200 West, Provo, UT","At Paramify, we empower organizations to efficiently build & maintain enterprise security programs. Our platform automates complex and large compliance documentation so you can focus on building core security capabilities. Our solution's flexibility, scalability, and security ensure trust and faster compliance engagements as a result of successful security efforts. Zero to hero, always accurate.",www.paramify.com,Seed ,11-50,B2B Software
profile,http://www.linkedin.com/company/getparticl,Particl,"1300 West 11400 Street, South Jordan, UT",#1 source for data-driven e-commerce analysis. Empowering brands with cutting-edge DTC metrics not found anywhere else.,www.particl.com,Series A ,11-50,B2B Software
profile,http://www.linkedin.com/company/paternabiosciences,Paterna BioSciences,"2749 East Parleys Way, Salt Lake City, UT","Paterna BioSciences, Inc. is a pioneering biotechnology company dedicated to solving the significant challenges of male infertility. ",www.paternabio.com,Seed ,11-50,Bio/Medical Tech
profile,http://www.linkedin.com/company/paykeeper,Paykeeper,"893 Baxter Drive, South Jordan, UT","PayKeeper brings escrow to everyday transactions like construction projects, private party purchases, and more. In any transaction, both parties need protection, and PayKeeper makes it easy to use escrow for individual projects and purchases - automating payment milestones and keeping expectations clear.",www.paykeeper.com,Series A ,11-50,FinTech
profile,http://www.linkedin.com/company/pestie,Pestie,"920 W 14600 S Suite 600, Bluffdale, UT 84065",Pestie is the first brand to make doing your own pro-grade pest control easy and affordable for anybody. ,www.pestie.com,Series A ,11-50,Consumer
profile,http://www.linkedin.com/company/plot-line,Plotline,,"Plotline is a mobile adoption platform that enables marketing and product teams to launch native experiences like Stories, Native Embeds, Videos, Streaks, Rewards, etc inside the app, without any engineering effort or app releases.",www.plotline.so,Seed ,11-50,B2B Software
profile,http://www.linkedin.com/company/powderwatts,Powder Watts,"2570 Rasmussen Road, Park City, UT","Powder Watts is a National Science Foundation awarded and funded company that has recently been awarded a USPTO patent on its ability to tackle the largest unmanaged electric load left on the US electric grid. Powder Watts has de risked the technology and is in its second year of full commercial operations, with hundreds of locations and zero customer attrition. ",www.powderwatts.com,Seed ,11-50,Energy
profile,http://www.linkedin.com/company/qualiti,Qualiti,"2701 North Thanksgiving Way, Lehi, UT","Qualiti is an AI-driven platform that shoulders the manual burden of writing, executing, maintaining, and triaging tests, elevating humans to supervisory roles with complete control. This frees up engineers to focus on releasing new features faster or on other aspects of QA than just manual or automated web regression testing.",www.qualiti.ai,Seed ,11-50,B2B Software
profile,http://www.linkedin.com/company/rasa-legal,Rasa ,"180 East 2100 South, Salt Lake City, UT",Rasa is a new #legaltech company with a mission to make it simple and affordable for people to clear their criminal records. We are passionate about increasing #accesstojustice through #technology.,www.rasa-legal.com,Seed ,11-50,B2B Software
profile,http://www.linkedin.com/company/refer-pro,ReferPro,"1633 West Innovation Way, Lehi, UT",Unlock the Power of Referrals with ReferPro. Your Go-To Automated Referral Platform for Service Businesses.,www.getrefer.pro,Seed ,11-50,B2B Software
profile,http://www.linkedin.com/company/rootrez,Ripe ,"650 South 500 West, Salt Lake City, UT","Ripe provides white-label lodging e-commerce solutions that shift bookings away from generic sites directly to those that create the demand lodging, such as a city, major event, or ski resort. ",bookripe.com,Seed ,11-50,B2B Software
profile,http://www.linkedin.com/company/getroster,Roster,"2701 North Thanksgiving Way, Lehi, UT","Imagine turning your customers into your strongest sales force, reducing your dependency on paid ads. That’s not just a dream; it’s what brands achieve everyday with Roster. We're your co-pilot on a journey to powerful brand ambassadorship, with proven strategies at your fingertips.",www.getroster.com,Seed ,11-50,B2B Software
profile,http://www.linkedin.com/company/sabx,SABX,"1389 Center Drive, Park City, UT",SABX helps companies bring their order management processes online and unlock sales growth.,www.sabx.com,Series A ,11-50,B2B Software
profile,http://www.linkedin.com/company/get-mojo-ai,Safety Mojo,"10011 South Centennial Parkway, Sandy, UT","Mojo AI connects people and data to improve safety behavior, reduce incident rates, and lower insurance costs.",www.getmojo.ai,Series A ,11-50,B2B Software
profile,http://www.linkedin.com/company/salad-technologies,Salad,"26 South Rio Grande Street, Salt Lake City, UT","400 million consumer-grade GPUs in the world lie unused most of the day. Meanwhile, AI/ML companies are fighting for hard-to-find, expensive AI-focused GPUs. Salad connects the two.",www.salad.com,Series A ,11-50,B2B Software
profile,http://www.linkedin.com/company/samedayservices,Sameday,"1557 West Innovation Way, Lehi, UT","Sameday enables home service businesses to be available by phone 24/7 with our AI powered Virtual Sales Agents. Unlike anything you have heard before, Sameday’s AI sounds like a person and can answer questions, build value, and over come objections to get prospective customers on the schedule.",gosameday.com,Seed ,11-50,B2B Software
profile,http://www.linkedin.com/company/savvos,Savvos,"629 East Quality Drive, American Fork, UT","A smarter way to find a great price, schedule care and simplify payment.",www.savvos.com,Seed ,11-50,Bio/Medical Tech
profile,http://www.linkedin.com/company/getschoolai,SchoolAI,"1441 W Innovation Way, Lehi, UT 84043-4677","Powerful, managed, and safe AI-powered tools that bring K12 students, teachers, and school leaders closer together.",www.schoolai.com,Series A ,11-50,B2B Software
profile,http://www.linkedin.com/company/seis-card,Seis,"1557 West Innovation Way, Lehi, UT",Banking 100% in Spanish for Spanish speakers living in the US,www.seis.com,Series A ,11-50,FinTech
profile,http://www.linkedin.com/company/skill-struck,Skill Struck,"629 East Quality Drive, American Fork, UT","Computer Science & AI for K-12 Classrooms. Learn today's technology skills using Skill Struck's curriculum, tools, and professional development. Our comprehensive B2B Software  platform and AI tools help to empower creators, grow problem solvers, & strengthen communities one kid at a time!",www.skillstruck.com,Seed ,11-50,B2B Software
profile,http://www.linkedin.com/company/getsyncware,Syncware ,"6300 Sagewood Drive, Park City, UT","Sync orders, inventory, and fulfillment between your sales channels (Marketplaces, rep systems, EDI, etc.) to your internal systems (warehouse, ERP, etc.).",www.syncware.com,Seed ,11-50,B2B Software
profile,http://www.linkedin.com/company/tellus-sensors,Tellus ,"2319 South Foothill Drive, Salt Lake City, UT","TELLUS is at the forefront of transforming how we perceive and address air quality. Our innovative air quality sensor technology empowers communities, businesses, and individuals to breathe cleaner air, promoting healthier lives and a sustainable future.",www.tellusensors.com,Seed ,11-50,Energy
profile,http://www.linkedin.com/company/troomi,Troomi,"3300 Triumph Boulevard, Lehi, UT","With a mission to help children learn, do and become anything through a safe, balanced relationship with technology, Troomi is the smartest way to introduce phones to kids.",www.troomi.com,Seed ,11-50,Consumer
profile,http://www.linkedin.com/company/velocity-access,Velocity Access,"412 West Rivers Edge Drive, Provo, UT","At Velocity Access, we’re transforming how venues operate and engage with their customers. Our advanced ticketing software integrates all venue operations—ticketing, concessions, parking, and more—into one streamlined platform, ensuring everything runs smoothly and efficiently.",www.velocityaccess.io,Seed ,11-50,B2B Software
profile,http://www.linkedin.com/company/velosimoinc,Velosimo,"12537 South Brundisi Way, Herriman, UT","Velosimo is ushering in the Connected Revolution with no-code integration connectors explicitly built for connected experiences with government and the distinct scenarios of inner-system use by staff and citizens while providing connector management, deep insight, and self-healing transactions.",www.velosimo.com,Series A ,11-50,B2B Software
profile,http://www.linkedin.com/company/viderahealth,Videra Health,"898 North 1200 West, Orem, UT","Videra Health is a leading AI-driven mental health assessment platform that empowers providers and healthcare organizations to proactively identify, triage, and monitor at-risk patients to close care gaps using linguistic, audio and video analysis. ",www.viderahealth.com,Seed ,11-50,Bio/Medical Tech
profile,http://www.linkedin.com/company/wander-app-inc,Wander,"1083 Terrace Drive, Provo, UT","Wander is the one-app, no-code, interactive mapping replacement for paper maps.",www.wandermaps.com,Seed ,11-50,Consumer
profile,http://www.linkedin.com/company/wasatch-biolabs,Wasatch BioLabs,"321 West 1300 South, Heber City, UT",Wasatch BioLabs is an independent biotechnology company with an innovative approach to diagnostics. ,www.wasatchbiolabs.com,Seed ,11-50,Bio/Medical Tech
profile,http://www.linkedin.com/company/xenter-corp,Xenter,"344 West 13800 South, Draper, UT",Xenter™ is developing a wireless “Technology in Medicine” (TechMed) ecosystem aimed at improving outcomes for patients.,www.xenter.io,Series B ,11-50,Bio/Medical Tech
profile,http://www.linkedin.com/company/zanskar,Zanskar,"90 South 400 West, Salt Lake City, UT","It is our mission to make geothermal power the most affordable form of widely-deployable, 24/7, carbon-free energy generation on the planet.",www.zanskar.com,Series B ,11-50,Energy
profile,http://www.linkedin.com/company/zapmoto,Zapmoto,"11779 Pennbrooke Lane, Highland, UT","It's a broken experience for customers to wait in a dealership for their service to be completed, or to find rides back and forth. With Zapmoto, customers are offered the convenience of a pickup and dropoff of their car to be serviced.",www.zapmoto.com,Seed ,11-50,B2B Software
profile,http://www.linkedin.com/company/alianza,Alianza,"1064 South North County Boulevard, Pleasant Grove, UT","Alianza delivers the only true cloud-native, carrier-grade communications platform built for service providers. Our proprietary full-stack cloud communications platform offers wholesale residential and business communications services, including voice, video conferencing, collaboration, text messaging, and standalone UC softphones.",www.alianza.com,Series D+ ,201-500,B2B Software
profile,http://www.linkedin.com/company/go-blue-eye,Blue Eye,"15 W South Temple, Salt Lake City, UT",We exist to help our customers break free from the shackles of old school video surveillance. ,www.goblueeye.com,Seed ,201-500,Security 
profile,http://www.linkedin.com/company/cotopaxi-com,Cotopaxi,"74 Main Street, Salt Lake City, UT","Cotopaxi creates outdoor products, apparel, and experiences that help alleviate poverty, move people to do good, and inspire adventure. Our social impact strategy focuses on global poverty alleviation, and we employ responsible sourcing and manufacturing practices throughout our supply chains.",www.cotopaxi.com,Series C ,201-500,Consumer
profile,http://www.linkedin.com/company/cupbop,Cupbop,"593 E 12300 S Ste B Draper, UT, 84020","Korean BBQ in a Cup. We're here to end your boredom with the same old food choices. The Cupbop menu is our own delicious take on Korean cuisine. Exotically flavorful, naturally healthy dishes you've never had a chance to try—and we make them all affordable, fresh, and lightning fast.",www.cupbop.com,Seed ,201-500,Consumer
profile,http://www.linkedin.com/company/gabb-wireless,Gabb Wireless,"2701 North Thanksgiving Way, Lehi, UT","We believe children deserve age-appropriate technology solutions that protect them from harmful content and destructive habits while enabling healthy growth and development. Our mission is to protect children, connect kids to families and encourage life outside the screen.",www.gabb.com,Series A ,201-500,Consumer
profile,http://www.linkedin.com/company/homie-com,Homie,"489 South Jordan Parkway, South Jordan, UT","Homie is on a mission to make homeownership easier, more affordable, and accessible for all. By pairing experienced, local real estate professionals with modern technology, we’re changing the way homes are bought and sold. As the fastest growing tech-enabled real estate brokerage in North America, you can count on us to always have your back. Let’s help you get home.",www.homie.com,Series C ,201-500,B2B Software
profile,http://www.linkedin.com/company/pura-scents,Pura ,"2100 Pleasant Grove, Boulevard, Pleasant Grove, UT","Pura is a smart fragrance brand offering an innovative way to fill your home with premium, customizable scents. ",www.pura.com,Series A ,201-500,Consumer
profile,http://www.linkedin.com/company/route-app,Route,"1441 West Innovation Way, Lehi, UT","The post-purchase experience solution loved by customers. Package protection, tracking, and carbon neutral shipping.",www.route.com,Series C ,201-500,B2B Software
profile,http://www.linkedin.com/company/solo-backoffice,Solo,"3049 Executive Parkway, Lehi, UT",SOLO is the industry-leading back-office solution for contractors and sales organizations. ,www.gosolo.io,Series C ,201-500,B2B Software
profile,http://www.linkedin.com/company/vanderhall-motor-works-inc.,Vanderhall,"3500 Mountain Vista Parkway, Provo, UT","Vanderhall Motor Works delivers the feel of yesteryear with modern performance in a unique package. Vanderhall aims to remain timeless while appealing to the Sunday cruiser and aggressive canyon carving driver alike. Our roadsters accomplish this with style and presence that leaves driver and passenger alike yearning for their next outing — manufactured in Provo, Utah with passion and a nod to the past.",www.vanderhallusa.com,Series C ,201-500,Consumer
profile,http://www.linkedin.com/company/nomi-health,Nomi Health,"898 North 1200 West, Orem, UT","Nomi Health is rebuilding healthcare with services and technology solutions that allow easy access to quality, affordable care.",www.nomihealth.com,Series B ,501-1K,Bio/Medical Tech
profile,http://www.linkedin.com/company/american-battery-factory-inc,American Battery Factory,"735 Auto Mall Drive, American Fork, UT","We have a simple plan for a complex energy crisis: make renewable, independent, efficient and affordable energy a reality.

How are we going to do it?
Create the first and best network of U.S.-owned, vertical manufacturing, supply chain and R&D for LFP battery cells by fusing software, hardware and technology to manage an unlimited inventory of sustainable energy sources stored through state-of-the-art battery manufacturing and innovation.",www.americanbatteryfactory.com,Series A ,51-200,Energy
profile,http://www.linkedin.com/company/atomic-fi,Atomic,"2890 East Cottonwood Parkway, Cottonwood Heights, UT","Atomic is a leading financial connectivity platform that puts consumers in control of their personal data. Prioritizing data rights and security, Atomic is trusted by over 195 financial institutions, fintechs and partners.",www.atomic.financial,Series C ,51-200,FinTech
profile,http://www.linkedin.com/company/bacon-inc,Bacon,"3715 Tracy Hall Parkway, Provo, UT","Bacon is a gig-work app that connects established businesses to local gig workers. We make temp work respectable and reliable by holding businesses and workers accountable to one another. Our app allows them to choose one another based on ratings, reviews, and performance. ",www.baconwork.com,Series A,51-200,B2B Software
profile,http://www.linkedin.com/company/bandwango,Bandwango,"6905 South 1300 East, Cottonwood Heights, UT","Bandwango is an all-in-one experience builder platform that gets people excited about exploring, supports small businesses and removes complexities with merchant payments.",www.bandwango.com,Seed ,51-200,Consumer
profile,http://www.linkedin.com/company/chargezoom,Chargezoom,"6440 Millrock Drive, Salt Lake City, UT",Get paid faster and easier with Chargezoom's AI powered Open Payments Platform.,www.chargezoom.com,Series A ,51-200,FinTech
profile,http://www.linkedin.com/company/herodevs,HeroDevs,"9561 S 700 E, Sandy, UT 84070",HeroDevs is the industry experts on “life after end-of-life” for open-source software.Our open-source packages and experts let you keep using your software safely and in compliance — allowing you to migrate if and when you’re ready.,www.herodevs.com,Series A ,51-200,B2B Software
profile,http://www.linkedin.com/company/honasoftware,Hona,"553 Timpanogos Cir Suite 2300, Orem, UT 84097",Hona is an application that helps law firms update their clients on their case. Clients receive a better experience and law firms have less redundant communication.,www.hona.com,Series A ,51-200,B2B Software
profile,http://www.linkedin.com/company/hypercraftusa,Hypercraft,"1200 Towne Centre Boulevard, Provo, UT",Hypercraft believes in a future where innovators have greater access to the best EV technology. We are positioned to unleash the unlimited performance potential of electrified and hybrid propulsion in every motorized industry vertical.,www.hypercraftusa.com,Seed ,51-200,Energy
profile,http://www.linkedin.com/company/i-drive-logistics,iDrive Logistics,"1850 Ashton Boulevard, Lehi, UT","Our mission is to empower eCommerce businesses to succeed on a global scale.

Founded in 2008 by small parcel industry leaders, iDrive Logistics provides shipping and fulfillment solutions for top ecommerce Brands and 3PL fulfillment warehouses.",www.idrivelogistics.com,Seed ,51-200,Consumer
profile,http://www.linkedin.com/company/isotalent,IsoTalent,"2600 Executive Parkway, Lehi, UT","IsoTalent is a full-service recruiting agency in Lehi, Utah, with clients from around the world. We offer affordable hourly rates, high-touch collaboration with our team of professional recruiters, and tech-backed applicant tracking and screening methods.",www.isotalent.com,Seed ,51-200,B2B Software
profile,http://www.linkedin.com/company/moises,Music AI ,"4001 South 700 East, Salt Lake City, UT","Music AI is a trailblazing AI-powered music and audio platform offering an expansive suite of more than 50 stackable AI audio solutions. Embraced by record labels, agencies, technology firms, and developers, Music AI is synonymous with audio innovation. ",www.music.ai,Series A ,51-200,Consumer
profile,http://www.linkedin.com/company/motivhealth,Motivhealth,"10421 South Jordan Gateway, South Jordan, UT",The insurance company creatively solving the high cost of healthcare.,www.motivhealth.com,Seed ,51-200,B2B Software
profile,http://www.linkedin.com/company/murf-ai,Murf,"341 South Main Street, Salt Lake City, UT","Murf AI is working on simplifying voice audio and making high-quality voice overs accessible to everyone, using artificial intelligence. Murf helps users create lifelike voice overs in a matter of minutes, without the need for any recording equipment.",www.murf.ai,Series A ,51-200,B2B Software
profile,http://www.linkedin.com/company/nectarhr,Nectar HR,"1300 W Traverse Pkwy, Lehi, UT 84043","Nectar gives organizations the tools to build a culture people won't want to leave. Our platform helps your workplace foster a sense of community, purpose and appreciation where people feel valued and rewarded for their hard work. It also keeps your mission and company core values top of mind.",www.nectarhr.com,Series B ,51-200,B2B Software
profile,http://www.linkedin.com/company/nivati-co,Nivati,"10808 South River Front Parkway, South Jordan, UT","Nivati is a multi-pronged wellness solution designed for companies prioritizing their employees' wellbeing. With Nivati, employees thrive through a comprehensive, all-in-one wellness app that grants convenient access to various tools, exercises, and a network of professional providers. ",www.nivati.com,Seed ,51-200,B2B Software
profile,http://www.linkedin.com/company/nursaapp,Nursa,"5295 Commerce Drive, Murray, UT",Reimagining the healthcare staffing industry by connecting clinicians and facilities directly to improve patient care.,www.nursa.com,Series B ,51-200,Marketplaces
profile,http://www.linkedin.com/company/pillow-cube,Pillow Cube,"1815 S State St, Orem, UT 84097",Pillow Cube is the first pillow designed specifically for side sleepers.,www.pillowcube.com,Series A ,51-200,Consumer
profile,http://www.linkedin.com/company/project-solar,Project Solar,"1850 West Ashton Boulevard, Lehi, UT","Project Solar is disrupting the solar industry. With our innovative e-commerce platform, we have removed door-to-door salespeople and dropped the price of solar by about 50%. We've helped thousands of homeowners join the solar revolution and are poised for even more growth and impact with our recent $23M Series A round of financing.",www.projectsolar.com,Series A ,51-200,Consumer
profile,http://www.linkedin.com/company/redo-tech,Redo ,"14761 Future Way, Draper, UT 84020",Crush cart abandonment & watch loyalty soar through elevated purchase & post purchase experience - completely free.,www.getredo.com,Series A ,51-200,B2B Software
profile,http://www.linkedin.com/company/remilabs,Remi,"1800 Ashton Boulevard, Lehi, UT","We find roofers more roofs, and homeowners the right roofer.",www.remihq.com,Series A ,51-200,B2B Software
profile,http://www.linkedin.com/company/rivethealth,Rivet Health,"9815 S Monroe Street, Sandy, UT 84070","When patients ask their provider ""what will this cost?""​, they hear a variety of responses that communicate some form of ""we don't know""​. Rivet is software for providers to answer that question quickly and accurately.",www.rivethealth.com,Series B ,51-200,B2B Software
profile,http://www.linkedin.com/company/stayai,Stay AI,"3209 Daybreaker Drive, Park City, UT",Stay AI is the subscription management app that helps DTC brands on Shopify supercharge their growth.,www.stay.ai,Series A ,51-200,B2B Software
profile,http://www.linkedin.com/company/teamstrider,Strider ,"10377 South Jordan Gateway, South Jordan, UT","Strider is revolutionizing the way companies, governments, and research institutions protect their innovation and compete in a new era of strategic competition. Our trailblazing technology and intelligence solutions enable customers to proactively visualize, manage, and respond to state-sponsored IP theft and supply chain vulnerabilities.",www.striderintel.com,Series C ,51-200,Security 
profile,http://www.linkedin.com/company/tava-health,Tava Health,"645 South 200 East Salt Lake City, Utah 84111","A mental health benefit for every employee, because healthy minds matter.",www.tavahealth.com,Series B ,51-200,Bio/Medical Tech
profile,http://www.linkedin.com/company/thepicklr,The Picklr,"559 South Deseret Drive, Kaysville, UT","The Picklr is the world's fastest-growing network of premium indoor pickleball courts, offering an unparalleled experience for players of all skill levels. With more than 390 state-of-the-art clubs sold worldwide, The Picklr provides programs for beginners to pros, and a vibrant atmosphere. ",www.thepicklr.com,Series B ,51-200,Consumer
profile,http://www.linkedin.com/company/torusrev,Torus ,"855 West 2400 South, Salt Lake City, UT",Empowering individuals and communities to become their own renewable energy provider.,www.torus.co,Series A ,51-200,Energy
profile,http://www.linkedin.com/company/justvanilla,Vanilla,"310 South Main Street, Salt Lake City, UT","Vanilla is the world’s first Estate Advisory Platform, purpose-built by advisors and estate professionals to help wealth management firms deliver a holistic, modern estate planning experience to their clients.",www.justvanilla.com,Series B ,51-200,FinTech
profile,http://www.linkedin.com/company/usevoze,Voze ,"44 W 13800 S, Draper , UT 84020","Get timely, detailed and valuable notes from your sales reps in the field.",www.voze.com,Series A ,51-200,B2B Software
profile,http://www.linkedin.com/company/xevant,Xevant,"3400 North Ashton Boulevard, Lehi, UT",The actionable insights you need to lower drug costs and improve health outcomes.,www.xevant.com,Series D+ ,51-200,B2B Software
profile,http://www.linkedin.com/company/zartico,Zartico,"26 South Rio Grande Street, Salt Lake City, UT",Zartico is a SaaS technology company that uses data science and AI to create marketing performance solutions. ,www.zartico.com,Series A ,51-200,B2B Software
profile,http://www.linkedin.com/company/3helix-inc,3Helix,"650 Komas Drive, Salt Lake City, UT","3Helix develops and markets a novel collagen targeting technology, providing scientists and clinicians with new tools to investigate collagen pathology and to develop diagnostics and therapeutics for diseases with high collagen remodeling activities.
",www.3helix.com,Seed ,2-10,Bio/Medical Tech
profile,http://www.linkedin.com/company/drumcv,DrumCV,"2022 Tuscany Way, Pleasant Grove, UT","Sick & tired of Customer Support getting all the blame? DrumCV's AI-powered support dispositions are ""Giving Back Vacations to Support Leaders.""",www.drumcv.com,Seed ,2-10,B2B Software
profile,https://www.linkedin.com/company/canopy-inc/,Canopy Tax,"10355 S Jordan Gateway Suite 500, South Jordan, UT 84095",Canopy is an accounting practice management software that simplifies your firm so you can help more clients.,https://www.getcanopy.com/,Series C ,51-200 ,B2B Software
profile,https://www.linkedin.com/company/observepoint/,ObservePoint ,"2100 Pleasant Grove Blvd #300, Pleasant Grove, UT 84062","Ensure privacy compliance standards, validate landing pages, confirm data tracking, clearly see your entire marketing tech stack, validate your ecommerce engines, and much more. ObservePoint presents the reality of what’s happening on your website and gives you a clear map to make it even better.
",https://www.observepoint.com/,Series B ,51-200,Security 
profile,https://www.linkedin.com/company/mxenabled/,MX,"N 3401 N Thanksgiving Way #500, Lehi, UT 84043","MX Technologies, Inc. is a leader in actionable intelligence, enabling financial providers and consumers to do more with financial data. MX provides end-to-end solutions for financial institutions and fintechs to connect to, understand, and act on customers’ financial data.",https://www.mx.com/,Series D+ ,501-1K,FinTech
profile,https://www.linkedin.com/company/neighbor/,Neighbor ,"2600 Executive Pkwy Suite 550, Lehi, UT 84043",Neighbor is a peer-to-peer storage company that connects people with unused space to people in need of storage.,www.neighbor.com,Series B ,51-200,Marketplaces
profile,https://www.linkedin.com/company/bookclubdotcom/,BookClub,"7533 Center View Ct, # 4134, West Jordan, Utah 84084","BookClub transforms books into interactive experiences so teams can learn and develop in any way that suits them
",www.bookclub.com,Series A ,11-50,B2B Software
,,,,,,,,
profile,https://www.linkedin.com/company/lvt/,Liveview Technologies ,"802 E 1050 S American Fork, Utah 84003 US","LVT provides rapidly-deployable surveillance hardware that runs on our proprietary SaaS platform. Our enterprise-grade safety and security ecosystem makes it easy to secure virtually any physical environment through intelligent automation and actionable insights.
",https://www.lvt.com/,Series B ,501-1K ,Security 
profile,https://www.linkedin.com/company/lucidsoftware/,Lucid,"10355 S Jordan Gateway #300, South Jordan, UT 84095","Lucid is a visual collaboration suite that helps teams see and build the future. Virtual whiteboarding, intelligent diagramming, and cloud visualization empower organizations to take plans from initial ideas to successful delivery. ",https://lucid.co/,Series D+,1K-5K,B2B Software
profile,https://www.linkedin.com/company/jump-app-ai/,Jump ,"14761 Future Way, Draper, UT 84020","Trusted by enterprise and loved by advisors, Jump is the leading AI tool for wealth managers and financial advisors that automates notetaking, compliance, CRM updates, and much more
",https://jumpapp.com/,Seed,11-50 ,B2B Software
profile,https://www.linkedin.com/company/previbenefit/,Previ,"3400 Ashton Blvd #160, Lehi, UT 84043","Our mission at Previ is to help employees save more of their hard-earned paycheck.

Employees and their families save $1,200+ annually on their cell phone bill by switching to Previ, and at no cost to the company to launch or maintain.",https://previ.com/,Seed,11-50,B2B Software
profile,https://www.linkedin.com/company/getalpyne/,Alpyne,"3585 e Ceres Dr, Salt Lake City, Utah 84124, US

","Complete control for fractional CFOs.

The Alpyne platform harnesses modern APIs and data infrastructure to make the lives and work of finance professionals easier and more fulfilling. Stop wrangling data and worflow across dozens of client systems. Get everything in to one place and focus on what you're good at.",https://www.getalpyne.com/,Pre-Seed,2-10,B2B Software
profile,https://www.linkedin.com/company/distroio/about/,Distro,"550 West State Street, Lehi, UT 84043","Distro is a platform where companies can find and match with top quality talent in over 200 countries around the world, then interview and hire, and automate payroll.",https://distro.io/,Seed,2-10,Marketplaces
profile,https://www.linkedin.com/company/getparallel/,Parallel,,"Parallel is an easy-to-use financial modeling platform built for early-stage companies helping them understand their runway, revenue, burn, and the impact of decisions without needing to build complex financial models.",https://getparallel.com/,Seed ,2-10,B2B Software
profile,,Avy,"6975 South Union Park Avenue, Cottonwood Heights, UT 84047","Humans. Computers. Great teams will be made of both.
We believe in teamwork, in trust, and that humans and computers will work together side-by-side in a better future. So we're building it.",https://www.avy.ai/,Seed,11-50,B2B Software
profile,https://www.linkedin.com/company/awardco/,Awardco,"2080 W 400 N, Lindon, UT 84042","Awardco boosts productivity, reduces spend, and builds culture through value-driven recognition and rewards. Awardco is the only employee recognition and total rewards platform to be a featured partner with Amazon Business, and has the largest reward network on the planet—all with zero markups.
",https://www.award.co/,Series A ,501-1K,B2B Software
profile,https://www.linkedin.com/company/filevine/,Filevine ,"1260 Stringham Ave, Salt Lake City, UT 84106
","Filevine is changing the way legal work gets done for law practitioners and their clients. As the leading legal work platform, Filevine is dedicated to empowering organizations with tools to simplify and elevate complex, high-stakes legal work. P",https://www.filevine.com/,Series D+,501-1K,B2B Software
profile,https://www.linkedin.com/company/snoballplatform/,Snoball ,"1064 S N County Blvd Suite 300, Pleasant Grove, UT 84062","Word of Mouth Marketing. Done for You.

Get more customers as Snoball generates referrals, creates marketing assets, and collects reviews from your happy customers. Finally, a word of mouth marketing platform that does it all for you.",https://snoball.com/,Series B ,11-50,B2B Software
profile,https://www.linkedin.com/company/refer-pro/,Referpro ,"1633 W Innovation Way, Lehi, UT 84043","Unlock the Power of Referrals with ReferPro. Your Go-To Automated Referral Platform for Service Businesses.
",https://referpro.co/,Seed,11-50,B2B Software
profile,https://www.linkedin.com/company/deepsee/,DeepSee,"13907 S Minuteman Drive, Draper, UT 84020","DeepSee’s Knowledge Process Automation (KPA) platform represents a new category of people-first automation solutions that mines unstructured data, operationalizes AI-powered insights, and automates results into real-time action for the enterprise. ",https://deepsee.ai/,Series A ,11-50,B2B Software
profile,https://www.linkedin.com/company/askelephant/posts/?feedView=all,AskElephant,"12459 S 300 E Suite 102 , Draper UT 84020",AskElephant is the AI-powered platform that automates workflows for go-to-market teams,https://www.askelephant.ai/,Pre-Seed,11-50,B2B Software
profile,https://www.linkedin.com/company/whistic/posts/?feedView=all,Whistic,"1221 S Valley Grove Way #350, Pleasant Grove, UT 84062","The Whistic Platform leverages a powerful AI engine to streamline vendor assessments and customer trust programs, making both sides of the process faster, smarter, and more efficient.",whistic.com,Series B,51-200,B2B Software
profile,https://www.linkedin.com/company/helperlycare/?viewAsMember=true,Helperly,"9547 S 700 E STE 201 Sandy, UT 84070","Helperly is transforming the way the seniors age. We honor senior's unique purpose through true connection.
We utilize AI to help seniors live longer, healthier, and more connected lives. Seniors connect  with others virtually through interest based micro communities, then within the software we utilize AI to predict the physical, mental, and emotional needs of each user based on their use of the app, equipped with that information we work with senior care services that are free to the senior through their insurance to help them get the care they need, before they're in crisis. ",helperly.com ,Seed,11-50,Consumer
profile,https://www.linkedin.com/company/lendio/,Lendio,"4100 Chapel Ridge Road, Suite 500, Lehi, UT 84043","Lendio is the nation's leading Marketplaces connecting small businesses, lenders, and small business service providers through a single integrated technology platform. ",https://www.lendio.com/,Series D+,201-500,Marketplaces
profile,https://www.linkedin.com/company/controlqore/?viewAsMember=true,ControlQore ,"905 N Marshall Way, Suite C Layton, Utah 84041",Comprehensive financial management and accounting solution for construction. Replaces QuickBooks for construction and brings all financial transactions for a construction company under one roof.,https://www.controlqore.com/,Pre-Seed,2-10,FinTech
profile,https://www.linkedin.com/company/kualico,Kuali,"3300 North Ashton Boulevard, Lehi, UT 84043, US","Kuali is a leading developer of administrative SaaS solutions for higher education. The company’s thoughtfully designed software, created in partnership with their community of college and university customers and partners, has proven to help institutions manage their business more efficiently.",https://www.kuali.co/,Series D+,51-200,B2B Software
profile,https://www.linkedin.com/company/carketa,Carketa,"3400 Ashton Blvd Suite 450 Lehi, UT 84043",Automotive Data and Insights Platform,https://carketa.com/,Seed,11-50,B2B Software
profile,https://www.linkedin.com/company/monetacloud/?viewAsMember=true,Moneta,"350 East 400 South,  Suite 316 Salt Lake City UT 84111",Cloud Visibility and Cost Optimization Platform,https://www.monetacloud.com/,Seed,2-10,B2B Software
profile,https://www.linkedin.com/company/sponsorcx,SponsorCX,"3401 N Thanksgiving Way # 190, Lehi, Utah 84043","SponsorCX is a comprehensive sponsorship management platform that streamlines and automates sponsorship sales, fulfillment, and reporting for organizations.",sponsorcx.com,Series A,11-50,B2B Software
profile,https://www.linkedin.com/company/mindlesslabs,Mindless Labs,"1935 E. Vine Street, Ste. 110,  Salt Lake City, Utah 84121","Mindless Labs is a mental health platform and movement dedicated to helping people become and stay mentally healthy and radically alive. Through innovative technology and high-end streetwear, we aim to bridge the gap between traditional therapy and alternative healing. ",mindless.org,Pre-Seed,2-10,Consumer
profile,https://www.linkedin.com/company/benji-card/,Benji Card,"1117 E Yard Row Saratoga Springs, UT 84045","Transforming the way healthcare is paid for with innovative payment solutions that simplify healthcare payments, providing flexibility, transparency, and cost control. ",benjicard.com,Pre-Seed,2-10,FinTech
profile,https://www.linkedin.com/company/jobnimbus/posts/?feedView=all,JobNimbus,"3451 Triumph Blvd Suite 650, Lehi, UT 84043",SaaS platform to help home contractors manage their business and grow,https://www.jobnimbus.com/,Series B,201-500,B2B Software
profile,https://www.linkedin.com/company/covesmart,Cove,"14015 minuteman Dr Draper, UT 84020",DIY home security company,covesmart.com,Seed,11-50,Security 
profile,https://www.linkedin.com/company/guard-iq?trk=blended-typeahead,Guard IQ,"2575 W 400 N Suite 100B, Lindon, UT 84042",Venue management technology for the world’s largest sports and entertainment facilities. ,GuardIQ.com,Pre-Seed,2-10,B2B Software
profile,https://www.linkedin.com/company/enzo-health,Enzo Health,"3300 Triumph Blvd Suites 100 and 200, Lehi, UT 84043",Enzo Health automates documentation for Post-Acute Healthcare Facilities. ,https://www.enzo.health,Seed,11-50,B2B Software
profile,linkedin.com/company/pocketbk,Pocketbook,"1630 N 1770 E, Logan, Utah 84341","Pocketbook helps reduce your IT spend through vendor negotiations and consolidation, outsourcing, and other cost saving opportunities",pocketbk.com,Pre-Seed,2-10,B2B Software
profile,https://www.linkedin.com/company/neighbor/,Neighbor,"2600 Executive Pkwy, Lehi, UT 84043",An online Marketplaces that connects people with extra space in their homes or properties to others who need storage or parking.,neighbor.com,Series B,51-200,Marketplaces
profile,https://www.linkedin.com/company/zonos/,Zonos,"975 S Tech Ridge Dr, St. George, UT 84770
","Helping decouple international shipping, duty, taxes, and fees.",https://zonos.com/,Series A,51-200,B2B Software
profile,https://www.linkedin.com/company/vasion-software/,Vasion,"432 S Tech Ridge Dr, St. George, UT 84770",Making Digital Transformation Attainable for Everyone,https://vasion.com/about-us/,Series A,201-500,B2B Software
profile,https://www.linkedin.com/company/renew-biotechnologies/,Renew Biotechnologies,"412 W Rivers Edge Dr, Provo, UT 84604","Renew Biotechnologies is a leading innovator in the molecular diagnostics industry, specializing in the development and commercialization of cutting-edge technologies derived from Oxford Nanopore Technologies (ONT). The company operates under a unique business model, managing a portfolio of subsidiaries that hold or actively develop molecular diagnostic technologies. Each subsidiary is structured to function independently, allowing for tailored commercialization strategies and focused growth without impacting the overall asset management of the parent company. Renew’s core mission is to enhance precision diagnostics and personalized care through innovative technology solutions, fundamentally transforming patient outcomes in various medical fields.",https://www.renewbt.com/,Series A,11-50,Bio/Medical Tech
profile,https://www.linkedin.com/company/viusbuilt/,VIUS,"786 divisions road, park city Utah 84098",Construction management,Viusbuilt.com,Pre-Seed,2-10,B2B Software
profile,https://www.linkedin.com/company/fluid-livefree/,Fluid,"139 Hunter’s Grove Ln STE 207 Lehi, UT 84043","Fluid is the e-commerce, sales, and marketing platform powering the next generation of direct sales companies. ",https://www.fluid.app,Series A,51-200,B2B Software
profile,https://www.linkedin.com/company/14820679/,Trinsic,"2701 North Thanksgiving Way, Ste 100, Lehi, UT 84043",10x faster identity verification. Like Stripe for identity wallets (instead of payment wallets).,trinsic.id,Seed,2-10,B2B Software
profile,https://www.linkedin.com/company/plansight/posts/?feedView=all,Plansight,"2500 Executive Pkwy, Lehi, UT 84043",Helping employers discover high-quality benefits for their employees at affordable rates.,https://www.plansight.com/,Series B ,11-50,B2B Software
profile,https://www.linkedin.com/company/salesrabbit,SalesRabbit ,"2000 Ashton Blvd., #450, Lehi, UT 84043",Field Sales Management Platform,salesrabbit.com,Series D+,51-200,B2B Software
profile,https://www.linkedin.com/company/getmallow/,Mallow,"St. George, UT",Payments and eContracts Software for Digital Businesses,https://www.getmallow.com,Pre-Seed,2-10,B2B Software
profile,https://www.linkedin.com/company/listo-global,Listo Global,,"Find, Hire and Pay your global team",Listoglobal.com,Seed,11-50,B2B Software
profile,https://www.linkedin.com/company/74098548,Relay Health,"815 W 1250 S, Orem, UT 84058","Relay helps people overcome addiction with a team of peers. It's like if AA were invented in 2025. For example, when someone is struggling in isolation, Relay matches them with 3-7 other peers with the same challenge, makes it easy to reach out for help when vulnerable, and enables change through shame-free accountability and facilitated connection.",www.joinrelay.app,Seed,2-10,Consumer
profile,https://www.linkedin.com/company/airbatch/,Airbatch,,Quality control platform for brands ordering from outsourced factories. ,Airbatch.io,Pre-Seed,2-10,B2B Software
profile,https://www.linkedin.com/company/elektrikapp?trk=profile-position,Elektrik App Inc,1396 W 200 S Bldg 2 Unit E Lindon UT 84042,"Marketplaces for Medium and High Voltage electrical equipment. Transformers, cable, connectivity… we make it so easy.",Elektrikapp.com,Seed,11-50,Marketplaces
profile,https://www.linkedin.com/company/grainhq/?viewAsMember=true,Grain,"2701 N Thanksgiving Way #100, Lehi, UT 84043",AI Notetaker & Conversation Intelligence,grain.com,Series A,11-50,B2B Software
profile,https://www.linkedin.com/company/alcomy/,Alcomy,"815 W 1250 S, Suite 119, Orem, Utah 84058","Alcomy is revolutionizing the residential assisted living industry by operating beyond the traditional binder with a cutting-edge mobile digital system that is both intuitive and easy to adopt. This innovative software streamlines the documentation process, making it effortless for caregivers to access, update, and manage resident care plans in real time. By simplifying complex tasks and enhancing communication, Alcomy ensures that every team member can deliver consistent, high-quality care while focusing on what truly matters—the well-being of residents.",www.alcomy.com,Seed,2-10,B2B Software
profile,https://www.linkedin.com/company/usedevote/,Devote,"155 N 400 W, Salt Lake City, UT 84101","An all-in-one financial platform for nonprofits: Automate donor engagement, manage budgets and restricted funds, and track expenses seamlessly.",https://usedevote.com/,Pre-Seed,2-10,FinTech
profile,https://www.linkedin.com/company/learnie/,Learnie,"705 Matterhorn dr. Park City, UT 84098","Peer to peer microlearning platform.  Capture the knowledge of your people, improve performance and create community learning. ",mylearnie.com ,Pre-Seed,2-10,B2B Software
profile,https://www.linkedin.com/company/clientbook-retail,Clientbook,"3300 N Ashton Blvd, Suite 175, Lehi, UT 84043","We make retail store sales associates clienteling rockstars by organizing client data, automating follow-ups, and driving repeat business.",https://www.clientbook.com/,Series A,11-50,B2B Software
profile,https://www.linkedin.com/company/addax-overland,ADDAX Overland,"32 1800 W H, Lindon, UT 84042","ADDAX Overland engineers high quality overlanding equipment. Bring your entire campsite with you using our trailers, truck caps, and campers. ADDAX Overland is proud to partner with Jeep®.",https://www.addaxoverland.com/,Series A,2-10,Consumer
profile,https://www.linkedin.com/company/eliza-chat/?viewAsMember=true,ElizaChat ,"2701 N Thanksgiving Way #100, Lehi, UT 84043","ElizaChat is a clinically trained mental health coach, powered by conversational AI. Available 24/7, Eliza is built to support mental well-being by providing a safe, accessible space to talk and reflect. We designed ElizaChat to complement—not replace—professional care, serving as a first step for students who might hesitate to seek help. Grounded in evidence-based positive psychology techniques and guided by ethical safeguards, ElizaChat empowers students to build resilience and thrive, while connecting them to licensed professionals when needed.",https://elizachat.com/,Pre-Seed,2-10,Bio/Medical Tech
profile,https://www.linkedin.com/company/thymeless/?viewAsMember=true,Thymeless Enterprises,"231 N University Ave Provo, UT 84601","We streamline all operational aspects for wedding vendors and are building a ""one-stop shop"" for clients through our in-house vendor network, thus making wedding planning, easier, cheaper, and less stressful.

Check out our brands:
⌛️ Rosie Rue Floral Co: https://www.rosierue.com/
⌛️ White Poppy Preservation: https://shop.whitepoppypreservation.com/",Rosie Rue Floral Co: https://www.rosierue.com/ | White Poppy Preservation: https://shop.whitepoppypreservation.com/,Bootstrapped,51-200,Consumer
profile,https://www.linkedin.com/company/36086542,Solo,,SoloSuit helps people respond to debt collection lawsuits.,solosuit.com,Seed,11-50,FinTech
profile,https://www.linkedin.com/company/squarepeg-hires,SquarePeg,"26 S Rio Grande St #2072, Salt Lake City, UT 84101","SquarePeg is an AI-assisted recruiting platform for modern technology companies. By leveraging AI to evaluate millions of candidate profiles with human-level nuance, SquarePeg helps companies find their perfect job candidate.",https://www.squarepeghires.com/,Seed,11-50,B2B Software
profile,https://www.linkedin.com/company/swell-cx/,Swell,"6510 Millrock Dr STE 300, Holladay, UT 84121","Modernizing experience management for healthcare by optimizing the way they capture public reviews and private feedback. 
",https://www.swellcx.com/,Series A ,51-200,B2B Software
profile,https://www.linkedin.com/company/monovotech/,Monovo,"2578 W 600 N, Lindon, UT 84042",Monovo's mission is to improve health equity in all communities and demographics by changing the way that healthcare is delivered and received. We are changing the healthcare landscape by increasing accessibility to personalized care through innovations that emphasize health literacy and connection. ,https://monovo.care/,Seed,11-50,Bio/Medical Tech
profile,https://www.linkedin.com/company/adminify-ai,Adminify AI,1250 e 200 s Lehi Utah 84043,The all-in-one AI communication platform built to make your business ridiculously easy to communicate with!,https://adminify.ai/,Bootstrapped,11-50,B2B Software
profile,https://www.linkedin.com/company/territories-ai/,Territories.AI,"2701 N Thanksgiving Way #100, Lehi, UT 84043","Intelligent revenue planning for revenue teams, AI-powered account scoring, capacity planning, and territory design. ",https://territories.ai/,Pre-Seed,2-10,B2B Software
profile,https://www.linkedin.com/company/97418896/admin/dashboard/,SpaceAgent,"2174 S Main Street, Salt Lake City, UT 84115","Lead gen copilot - meet, connect, and cultivate a robust geo-specific lead base.  Use advanced data enrichment to enhance any data with valuable insights to unlock insights on companies, individuals, and spaces for your most ambitious idea.",https://spaceagent.app/,Pre-Seed,2-10,B2B Software
profile,https://www.linkedin.com/company/6426403/admin/dashboard/,PowerBx,"2174 S Main Street, Salt Lake City, UT 84115","PowerBx specializes in innovative space management solutions, helping businesses optimize workplace efficiency through advanced room scheduling systems, internalized cloud infrastructure, and dashboardless data engineering. Our tailored tools streamline operations, enhance collaboration, and deliver actionable insights directly into workflows—empowering Fortune 1000 companies to unlock the full potential of their office, industrial, and retail spaces.",https://powerbx.com/,Bootstrapped,2-10,B2B Software
profile,https://www.linkedin.com/company/theraproai/posts/?feedView=all,TheraPro.ai,"192 N Fort Ln, Layton, UT 84041",Empowering therapists with AI,therapro.ai,Seed,2-10,Bio/Medical Tech
profile,https://www.linkedin.com/company/nodal-power-systems/,Nodal Power Inc,250 E 200 S Salt Lake City UT 84111,Landfill Gas-to-Energy Microgrids and Power Plants,nodalpowersystems.com,Seed,2-10,Energy